firm_type,n,adoption_rate,mean_productivity,median_salary_bdt,mean_experience
Freelancer,148,0.5405405405405406,124.45991212228506,56628.15182895011,5.030970310099627
Local SME,634,0.5394321766561514,125.80374755773619,58481.60643639621,5.196029645399997
MNC subsidiary,214,0.7523364485981309,129.49987014909317,58974.57922642352,4.972464669545609
Outsourcing,504,0.6071428571428571,125.7346995407265,58878.72797281681,5.087177364717365
