region,n,adoption_rate,median_salary_bdt,mean_productivity
Chittagong,234,0.6111111111111112,52228.432803649994,127.01412287051697
Dhaka,896,0.5948660714285714,66150.94749824067,125.91109449079033
Khulna,129,0.5426356589147286,42708.371796105486,125.16251415276047
Rajshahi,91,0.5714285714285714,45010.673302599025,125.99108351364453
Sylhet,150,0.6066666666666667,52121.615473452075,127.42736923492113
