university_tier,n,adoption_rate,mean_productivity,mean_salary_bdt
Self-taught,141,0.6312056737588653,124.96262630796635,60797.770604067024
"T1 (BUET, DU, IUT)",355,0.7070422535211267,131.4174119712541,63590.39397071907
"T2 (KUET, RUET, SUST)",395,0.589873417721519,128.6417467997556,63555.521972938004
T3 (Private),609,0.5188834154351396,121.80049619213976,62825.09724573109
