university_tier,mean_productivity,ceiling,skills_gap_index,n
Self-taught,124.96262630796633,158.63683344537193,1.7257106236234099,141
"T1 (BUET, DU, IUT)",131.4174119712541,158.63683344537193,1.3949205875909245,355
"T2 (KUET, RUET, SUST)",128.6417467997556,158.63683344537193,1.5371658037746692,395
T3 (Private),121.80049619213976,158.63683344537193,1.8877611067096127,609
