outcome,n_treated,n_control,mean_treated,mean_control,t_statistic,p_value,cohens_d
productivity_index,889,611,136.57588501529304,111.04245817927907,34.02836164274983,7.799472082620469e-188,1.7082365796091201
monthly_salary_bdt,889,611,65748.78017684771,59020.17240510943,5.514561017098354,4.1406475570738036e-08,0.280920243756677
